period,factor
AM,0.152005865
MD,0.150031763
PM,0.297102372
NT,0.40086
